Sequence_ID,Sequence,ProtBERT_nonABCP_probability,ProtBERT_ABCP_probability,ProtBERT_prediction,ESM_nonABCP_probability,ESM_ABCP_probability,ESM_prediction
 peptide_1,GLFDIVKKVVGALGSL,0.5572461,0.44275388,0,0.16250445,0.8374956,1
 peptide_2,KLAKLAKKLAKLAK,0.85790884,0.14209111,0,0.021405306,0.9785947,1
 peptide_3,LLGDFFRKSKEKIGKEFKRIVQRIKDFLRNLVPRTES,0.82632226,0.17367776,0,0.21807677,0.7819232,1
 peptide_4,GIGKFLHSAKKFGKAFVGEIMNS,0.85273576,0.14726427,0,0.45204604,0.54795396,0
 peptide_5,KRIVQRIKDFLRNLVPRTES,0.8362525,0.16374743,0,0.24964577,0.7503543,1
 peptide_6,FLPIIAGLAAKLF,0.33953193,0.6604681,1,0.22284116,0.7771589,1
 peptide_7,RWKIFKKIEKVGRNVRDGIIKAGPAVAVVGQATQIAK,0.8462991,0.15370086,0,0.07832377,0.9216763,1
 peptide_8,VLNENLLAALALVGG,0.06037442,0.93962556,1,0.84930056,0.15069945,0
 peptide_9,AGYLLGKINLKALAALAKKIL,0.80602527,0.19397472,0,0.08557109,0.91442895,1
 peptide_10,GLKLRFEFSKIKKALKKL,0.08765515,0.9123449,1,0.5755911,0.42440888,0
